City_ID,City,Country,Date,Lat,Lng,Max Temp,Humidity,Cloudiness,Wind Speed
0,Hobart,AU,2022-03-31 19:47:34,-42.8794,147.3294,53.46,75,100,6.91
1,Cawayan,PH,2022-03-31 20:00:30,9.9718,122.6249,79.72,81,61,6.69
2,Thompson,CA,2022-03-31 19:50:35,55.7435,-97.8558,41.16,33,75,8.05
3,Camocim,BR,2022-03-31 20:00:31,-2.9022,-40.8411,76.6,87,100,8.14
4,Norman Wells,CA,2022-03-31 20:00:31,65.282,-126.8329,-9.02,84,100,14.2
5,Port Alfred,ZA,2022-03-31 20:00:32,-33.5906,26.891,64.18,92,100,1.01
6,Vanimo,PG,2022-03-31 20:00:32,-2.6741,141.3028,77.32,88,91,8.99
7,Rikitea,PF,2022-03-31 20:00:32,-23.1203,-134.9692,78.04,66,75,15.03
8,Georgetown,MY,2022-03-31 19:48:53,5.4112,100.3354,78.73,93,20,3.44
9,Mataura,NZ,2022-03-31 20:00:33,-46.1927,168.8643,44.33,85,100,2.26
10,Arraial Do Cabo,BR,2022-03-31 20:00:33,-22.9661,-42.0278,77.9,83,23,13.47
11,Albany,US,2022-03-31 19:56:51,42.6001,-73.9662,57.67,85,100,7.2
12,Clyde River,CA,2022-03-31 19:53:04,70.4692,-68.5914,3.43,85,75,4.61
13,Barrow,US,2022-03-31 20:00:34,71.2906,-156.7887,-11.18,70,0,20.71
14,Jaguaribe,BR,2022-03-31 20:00:35,-5.8906,-38.6219,84.38,62,100,2.13
15,Butaritari,KI,2022-03-31 20:00:35,3.0707,172.7902,80.67,80,29,14.7
16,Narok,KE,2022-03-31 20:00:36,-1.0783,35.8601,60.73,83,87,5.99
17,Yulara,AU,2022-03-31 20:00:36,-25.2406,130.9889,57.09,47,21,10.51
18,Busselton,AU,2022-03-31 20:00:36,-33.65,115.3333,69.67,71,1,10.92
19,Allada,BJ,2022-03-31 20:00:37,6.6655,2.1514,80.89,81,100,9.55
20,San Luis,AR,2022-03-31 20:00:27,-33.295,-66.3356,68.79,17,0,4.74
21,Katsuura,JP,2022-03-31 20:00:38,35.1333,140.3,44.01,94,100,29.66
22,Sakaiminato,JP,2022-03-31 20:00:38,35.55,133.2333,46.27,51,100,21.68
23,Zalakomar,HU,2022-03-31 20:00:38,46.538,17.1809,49.98,100,100,4.61
24,Mahebourg,MU,2022-03-31 20:00:39,-20.4081,57.7,79.25,76,99,18.21
25,San Cristobal,VE,2022-03-31 19:47:04,7.7669,-72.225,77.18,43,85,5.61
26,New Norfolk,AU,2022-03-31 20:00:39,-42.7826,147.0587,53.1,71,100,1.63
27,Oktyabrskiy,RU,2022-03-31 20:00:40,54.4815,53.471,29.3,96,100,5.12
28,Fortuna,US,2022-03-31 19:59:45,40.5982,-124.1573,58.86,65,0,21.85
29,Narsaq,GL,2022-03-31 20:00:40,60.9167,-46.05,39.42,79,100,4.23
30,Bethel,US,2022-03-31 20:00:41,41.3712,-73.414,64.02,77,100,14.16
31,North Bend,US,2022-03-31 19:58:32,43.4065,-124.2243,57.92,84,99,10.33
32,Kodiak,US,2022-03-31 20:00:42,57.79,-152.4072,39.27,97,100,20.27
33,Avarua,CK,2022-03-31 19:51:05,-21.2078,-159.775,82.45,78,20,9.22
34,Port Blair,IN,2022-03-31 20:00:42,11.6667,92.75,80.24,78,0,5.61
35,Yilan,TW,2022-03-31 20:00:42,24.757,121.753,62.91,87,100,3.36
36,Isangel,VU,2022-03-31 20:00:43,-19.55,169.2667,80.78,86,92,5.61
37,Acapulco,MX,2022-03-31 20:00:43,16.8634,-99.8901,82.51,48,80,10.38
38,Ponta Do Sol,PT,2022-03-31 20:00:44,32.6667,-17.1,64.71,80,59,5.35
39,Palmer,US,2022-03-31 20:00:44,42.1584,-72.3287,63.86,84,100,13.53
40,Berlevag,NO,2022-03-31 20:00:44,70.8578,29.0864,26.55,74,40,12.66
41,Karla,EE,2022-03-31 20:00:45,59.3723,24.9275,24.98,80,0,0.0
42,Ushuaia,AR,2022-03-31 20:01:45,-54.8,-68.3,49.05,60,100,7.74
43,Rabat,MA,2022-03-31 20:00:10,33.9911,-6.8401,60.15,85,40,5.75
44,Tuktoyaktuk,CA,2022-03-31 19:51:58,69.4541,-133.0374,-20.2,76,20,10.36
45,Upernavik,GL,2022-03-31 20:00:53,72.7868,-56.1549,16.54,97,100,11.03
46,Ancud,CL,2022-03-31 20:01:46,-41.8697,-73.8203,60.22,65,100,4.47
47,Muros,ES,2022-03-31 20:01:46,42.7762,-9.0603,54.09,83,17,15.66
48,Konevo,RU,2022-03-31 20:01:47,62.1215,39.3192,5.79,98,13,3.65
49,Castro,BR,2022-03-31 20:01:47,-24.7911,-50.0119,57.18,98,100,7.29
50,Khatanga,RU,2022-03-31 19:51:55,71.9667,102.5,-6.47,100,81,4.88
51,Meadow Lake,US,2022-03-31 20:01:48,34.8014,-106.5436,60.84,16,100,6.31
52,Cape Town,ZA,2022-03-31 19:59:29,-33.9258,18.4232,63.27,73,0,19.57
53,Dikson,RU,2022-03-31 20:01:48,73.5069,80.5464,4.78,93,20,8.57
54,Evensk,RU,2022-03-31 19:58:28,61.95,159.2333,8.91,77,100,10.18
55,Marsa Matruh,EG,2022-03-31 20:01:49,31.3525,27.2453,65.73,55,27,14.12
56,Touros,BR,2022-03-31 19:53:10,-5.1989,-35.4608,81.63,74,100,12.55
57,Vaini,TO,2022-03-31 20:01:49,-21.2,-175.2,80.78,77,100,8.25
58,Chokurdakh,RU,2022-03-31 20:01:50,70.6333,147.9167,-32.37,100,100,3.4
59,Aranos,NA,2022-03-31 20:01:50,-24.1333,19.1167,74.53,58,72,4.7
60,Hilo,US,2022-03-31 20:01:50,19.7297,-155.09,77.61,83,8,1.01
61,Mount Isa,AU,2022-03-31 19:53:12,-20.7333,139.5,71.37,28,2,11.5
62,Kaitangata,NZ,2022-03-31 20:01:51,-46.2817,169.8464,47.1,72,100,3.51
63,Sitka,US,2022-03-31 19:52:00,57.0531,-135.33,42.69,70,100,6.91
64,West Bay,KY,2022-03-31 19:59:42,19.3667,-81.4167,86.07,76,20,14.97
65,Carauari,BR,2022-03-31 20:01:52,-4.8828,-66.8958,79.95,82,99,3.94
66,Ixtapa,MX,2022-03-31 20:01:52,20.7,-105.2,88.12,27,81,8.79
67,Vestmannaeyjar,IS,2022-03-31 20:01:53,63.4427,-20.2734,40.57,67,100,7.54
68,Parfino,RU,2022-03-31 20:01:53,57.9731,31.6481,22.08,85,6,1.72
69,Gizo,SB,2022-03-31 20:01:53,-8.103,156.8419,83.53,74,100,9.15
70,Atuona,PF,2022-03-31 20:01:54,-9.8,-139.0333,78.55,73,7,8.23
71,Hithadhoo,MV,2022-03-31 20:01:54,-0.6,73.0833,82.6,72,4,6.89
72,Talnakh,RU,2022-03-31 19:58:25,69.4865,88.3972,20.21,94,100,3.18
73,Hermanus,ZA,2022-03-31 20:01:55,-34.4187,19.2345,62.8,69,93,9.4
74,Ostrovnoy,RU,2022-03-31 19:53:06,68.0531,39.5131,21.69,84,100,10.22
75,Kutum,SD,2022-03-31 20:01:55,14.2,24.6667,74.73,10,9,9.35
76,Mareeba,AU,2022-03-31 20:01:56,-17.0,145.4333,64.44,89,4,1.97
77,Ahipara,NZ,2022-03-31 20:01:56,-35.1667,173.1667,64.53,80,90,2.53
78,Carnarvon,AU,2022-03-31 20:01:56,-24.8667,113.6333,71.67,94,100,20.71
79,Thanh Hoa,VN,2022-03-31 20:01:57,19.8,105.7667,67.75,83,100,13.62
80,Port Macquarie,AU,2022-03-31 20:01:57,-31.4333,152.9167,61.9,83,98,17.18
81,Marsh Harbour,BS,2022-03-31 20:00:00,26.5412,-77.0636,77.31,69,3,20.71
82,Thinadhoo,MV,2022-03-31 20:01:58,0.5333,72.9333,82.45,72,0,5.84
83,Ribeira Grande,PT,2022-03-31 19:53:08,38.5167,-28.7,63.0,88,20,16.11
84,Nikolskoye,RU,2022-03-31 20:01:58,59.7035,30.7861,26.49,96,15,1.97
85,Iqaluit,CA,2022-03-31 20:01:59,63.7506,-68.5145,27.7,92,100,11.01
86,Karpogory,RU,2022-03-31 20:02:59,64.0019,44.4451,10.2,97,60,4.43
87,Komsomolskiy,UZ,2022-03-31 20:03:00,40.4272,71.7189,55.89,39,4,2.93
88,Yen Bai,VN,2022-03-31 20:03:00,21.7,104.8667,67.89,92,100,1.9
89,Saint-Philippe,RE,2022-03-31 20:03:00,-21.3585,55.7679,76.59,81,100,13.56
90,Saint-Pierre,RE,2022-03-31 20:03:01,-21.3393,55.4781,76.68,77,20,23.02
91,Naze,JP,2022-03-31 19:49:52,28.3667,129.4833,61.72,77,100,21.99
92,Bredasdorp,ZA,2022-03-31 20:03:01,-34.5322,20.0403,62.42,63,74,5.68
93,Port Said,EG,2022-03-31 20:03:02,31.2565,32.2841,62.4,78,0,14.34
94,Bonavista,CA,2022-03-31 20:03:02,48.6499,-53.1147,33.69,80,86,20.51
95,Qaanaaq,GL,2022-03-31 20:03:03,77.484,-69.3632,25.09,71,100,4.99
96,Bilibino,RU,2022-03-31 19:53:16,68.0546,166.4372,-16.29,96,88,1.41
97,Lebu,CL,2022-03-31 20:03:03,-37.6167,-73.65,56.05,66,96,21.77
98,Puerto Ayora,EC,2022-03-31 20:03:04,-0.7393,-90.3518,80.67,75,99,4.88
99,Coquimbo,CL,2022-03-31 19:59:12,-29.9533,-71.3436,60.53,77,40,12.66
100,Ambilobe,MG,2022-03-31 20:03:04,-13.2,49.05,73.53,94,100,2.66
101,Kruisfontein,ZA,2022-03-31 20:03:05,-34.0033,24.7314,63.88,78,100,3.58
102,Nizwa,OM,2022-03-31 20:03:05,22.9333,57.5333,78.93,23,0,4.59
103,Cayey,PR,2022-03-31 20:03:05,18.1119,-66.166,81.14,69,7,5.01
104,Punta Arenas,CL,2022-03-31 19:58:06,-53.15,-70.9167,53.71,50,75,31.07
105,Vardo,NO,2022-03-31 20:03:06,70.3705,31.1107,26.58,63,75,18.41
106,Colares,PT,2022-03-31 20:03:06,38.7992,-9.4469,57.76,71,40,20.0
107,Whitehorse,CA,2022-03-31 20:03:07,60.7161,-135.0538,39.09,56,81,15.99
108,Kavieng,PG,2022-03-31 20:03:07,-2.5744,150.7967,82.0,77,100,13.02
109,Bonfim,BR,2022-03-31 20:03:07,3.0833,-59.95,95.18,28,7,7.54
110,Victoria,HK,2022-03-31 19:59:20,22.2855,114.1577,72.18,86,100,20.0
111,Hervey Bay,AU,2022-03-31 20:03:08,-25.2986,152.8535,71.02,82,98,7.0
112,Grand Gaube,MU,2022-03-31 20:03:09,-20.0064,57.6608,79.38,75,100,8.01
113,Dombarovskiy,RU,2022-03-31 20:03:09,50.7587,59.5386,33.94,87,74,5.84
114,Coihaique,CL,2022-03-31 20:03:09,-45.5752,-72.0662,58.21,65,3,9.33
115,Axim,GH,2022-03-31 20:03:10,4.8699,-2.2405,81.39,85,100,7.81
116,Henties Bay,NA,2022-03-31 20:03:10,-22.116,14.2845,63.45,82,0,9.22
117,Porto Novo,BJ,2022-03-31 20:00:32,6.4965,2.6036,82.8,82,99,12.44
118,Jamestown,US,2022-03-31 20:03:11,42.097,-79.2353,52.05,66,100,12.66
119,Hasaki,JP,2022-03-31 20:03:11,35.7333,140.8333,41.4,93,100,28.7
120,Iranshahr,IR,2022-03-31 20:03:11,27.2025,60.6848,76.69,7,0,2.1
121,Tuatapere,NZ,2022-03-31 20:03:12,-46.1333,167.6833,47.05,87,100,3.89
122,Carutapera,BR,2022-03-31 20:03:12,-1.195,-46.02,75.25,96,100,1.72
123,Saint-Augustin,CA,2022-03-31 20:01:04,51.226,-58.6502,35.13,93,10,10.69
124,Ca Mau,VN,2022-03-31 20:03:13,9.1769,105.15,78.19,87,87,3.13
125,Bluff,NZ,2022-03-31 20:03:13,-46.6,168.3333,48.63,64,100,8.9
126,Nanortalik,GL,2022-03-31 20:03:14,60.1432,-45.2371,37.53,88,100,2.66
127,Southbridge,US,2022-03-31 20:01:34,42.0751,-72.0334,62.62,89,100,8.99
128,Hofn,IS,2022-03-31 20:03:14,64.2539,-15.2082,38.32,62,100,4.23
129,Shamary,RU,2022-03-31 20:03:14,57.3434,58.2199,14.9,97,100,1.9
130,Bridlington,GB,2022-03-31 20:03:15,54.0831,-0.1919,37.89,51,8,22.86
131,Salinopolis,BR,2022-03-31 20:03:15,-0.6136,-47.3561,75.49,93,100,6.02
132,Agirish,RU,2022-03-31 20:04:16,61.9247,63.0231,14.31,90,28,7.74
133,Bowmore,US,2022-03-31 20:04:16,34.9421,-79.3031,74.82,82,100,27.63
134,Kapaa,US,2022-03-31 20:04:16,22.0752,-159.319,78.78,89,13,5.99
135,Pisco,PE,2022-03-31 20:04:17,-13.7,-76.2167,73.02,77,24,7.85
136,Leonidovo,RU,2022-03-31 20:04:17,49.2833,142.8667,14.61,88,96,3.91
137,Nyurba,RU,2022-03-31 20:04:17,63.2842,118.3319,30.13,96,100,9.13
138,Aklavik,CA,2022-03-31 20:04:18,68.2191,-135.0107,-12.39,82,40,5.57
139,Margate,GB,2022-03-31 20:04:18,51.3813,1.3862,39.69,59,99,18.99
140,Los Llanos De Aridane,ES,2022-03-31 20:04:19,28.6585,-17.9182,60.55,79,40,11.5
141,Husavik,IS,2022-03-31 20:04:19,66.0449,-17.3389,32.85,97,100,2.75
142,Neiafu,TO,2022-03-31 20:04:20,-18.65,-173.9833,82.18,77,78,13.53
143,Sao Filipe,CV,2022-03-31 19:59:51,14.8961,-24.4956,71.67,76,6,12.66
144,Winburg,ZA,2022-03-31 20:04:20,-28.518,27.0093,62.69,41,28,3.02
145,Brazzaville,CG,2022-03-31 20:04:21,-4.2658,15.2832,80.98,66,94,2.01
146,Cherskiy,RU,2022-03-31 20:04:21,68.75,161.3,-16.65,100,100,3.8
147,Mehamn,NO,2022-03-31 20:04:21,71.0357,27.8492,26.51,80,40,11.5
148,Oriximina,BR,2022-03-31 20:04:22,-1.7656,-55.8661,78.66,83,92,3.51
149,Gawler,AU,2022-03-31 20:02:39,-34.6,138.7333,55.26,74,3,11.41
150,Adrar,MR,2022-03-31 20:02:23,20.5022,-10.0711,77.85,16,100,8.5
151,Lhokseumawe,ID,2022-03-31 20:04:22,5.1801,97.1507,78.51,83,100,7.2
152,Zhangjiakou,CN,2022-03-31 20:04:23,40.81,114.8794,33.91,28,43,3.24
153,Saldanha,ZA,2022-03-31 20:04:23,-33.0117,17.9442,61.97,77,2,22.95
154,Lodja,CD,2022-03-31 20:04:23,-3.4833,23.4333,71.69,88,27,3.0
155,Medvedka,RU,2022-03-31 20:04:24,61.1629,46.387,24.66,93,97,7.49
156,Halifax,CA,2022-03-31 20:02:00,44.6453,-63.5724,42.35,71,100,13.0
157,Geraldton,AU,2022-03-31 20:04:24,-28.7667,114.6,72.01,88,100,5.75
158,Kamenka,RU,2022-03-31 20:04:25,51.3223,42.7678,45.03,79,87,14.88
159,Petatlan,MX,2022-03-31 20:04:25,17.5167,-101.2667,82.2,39,8,8.03
160,Severo-Kurilsk,RU,2022-03-31 20:04:26,50.6789,156.125,28.36,81,81,15.41
161,Tucuman,AR,2022-03-31 20:01:36,-26.8241,-65.2226,65.91,32,0,4.81
162,Severo-Yeniseyskiy,RU,2022-03-31 20:04:26,60.3725,93.0408,20.48,84,100,10.49
163,Nuevo Progreso,MX,2022-03-31 20:04:27,23.1667,-97.95,82.47,46,55,7.0
164,Rosarito,MX,2022-03-31 20:00:28,32.3333,-117.0333,63.41,74,99,9.37
165,Klaksvik,FO,2022-03-31 20:04:27,62.2266,-6.589,36.52,65,100,7.34
166,Hamilton,US,2022-03-31 20:04:27,39.1834,-84.5333,45.88,74,100,16.11
167,Knysna,ZA,2022-03-31 20:04:28,-34.0363,23.0471,63.39,85,100,2.28
168,La Ronge,CA,2022-03-31 20:04:29,55.1001,-105.2842,34.48,84,100,8.23
169,Boende,CD,2022-03-31 20:04:29,-0.2167,20.8667,78.35,65,44,2.17
170,Torbay,CA,2022-03-31 20:00:19,47.6666,-52.7314,41.29,70,36,5.99
171,Kamaishi,JP,2022-03-31 20:04:29,39.2667,141.8833,35.49,66,97,7.09
172,Lufilufi,WS,2022-03-31 20:04:30,-13.8745,-171.5986,82.18,70,100,16.13
173,Macamic,CA,2022-03-31 20:04:30,48.7502,-78.9996,38.88,100,100,14.05
174,Sol-Iletsk,RU,2022-03-31 20:04:30,51.1631,54.9918,38.01,85,64,8.48
175,Severnoye,RU,2022-03-31 20:04:31,56.3491,78.3619,34.07,89,100,17.05
176,Apsheronsk,RU,2022-03-31 20:04:31,44.46,39.73,49.17,59,6,6.33
177,Brunico,IT,2022-03-31 20:04:32,46.7958,11.9364,44.1,95,100,3.04
178,Carazinho,BR,2022-03-31 20:03:11,-28.2839,-52.7864,61.12,52,0,9.89
179,Kuito,AO,2022-03-31 20:05:32,-12.3833,16.9333,61.25,93,94,1.7
180,Saskylakh,RU,2022-03-31 20:05:33,71.9167,114.0833,3.58,98,100,6.69
181,Kupang,ID,2022-03-31 20:01:10,-10.1667,123.5833,75.45,85,4,5.7
182,Igrim,RU,2022-03-31 20:05:33,63.1906,64.4162,15.69,90,27,8.59
183,Villarrubia De Los Ojos,ES,2022-03-31 20:05:33,39.2209,-3.608,49.93,82,68,7.07
184,Natitingou,BJ,2022-03-31 20:05:34,10.3042,1.3796,92.43,24,95,3.69
185,Kozhva,RU,2022-03-31 20:05:34,65.1073,57.0459,11.61,96,86,5.95
186,Leningradskiy,RU,2022-03-31 20:05:34,69.3833,178.4167,-3.66,94,99,0.36
187,Luanda,AO,2022-03-31 20:04:07,-8.8368,13.2343,77.99,90,100,10.65
188,Port Elizabeth,ZA,2022-03-31 20:03:00,-33.918,25.5701,66.31,82,100,11.99
189,Santarem,BR,2022-03-31 20:01:41,-2.4431,-54.7083,77.94,82,100,2.86
190,Diamantino,BR,2022-03-31 20:05:35,-14.4086,-56.4461,64.9,96,100,7.36
191,Natal,BR,2022-03-31 20:05:02,-5.795,-35.2094,83.05,78,20,8.05
192,Yishui,CN,2022-03-31 20:05:36,35.7847,118.6281,39.61,61,100,7.05
193,Longonjo,AO,2022-03-31 20:05:36,-12.9067,15.2533,65.34,93,100,1.43
194,Carnduff,CA,2022-03-31 20:05:36,49.1667,-101.8009,44.38,41,70,9.75
195,Havre-Saint-Pierre,CA,2022-03-31 20:05:37,50.2334,-63.5986,34.23,81,54,4.72
196,Karratha,AU,2022-03-31 20:05:37,-20.7377,116.8463,84.54,70,82,8.99
197,Yellowknife,CA,2022-03-31 20:05:38,62.456,-114.3525,19.42,81,100,11.01
198,Berdigestyakh,RU,2022-03-31 20:00:56,62.0989,126.6992,8.42,97,99,3.22
199,Utraula,IN,2022-03-31 20:05:38,27.3167,82.4167,77.34,31,0,5.41
200,Conde,BR,2022-03-31 20:05:39,-7.2597,-34.9075,81.86,78,20,12.66
201,Thongwa,MM,2022-03-31 20:05:39,16.7619,96.5278,78.96,67,100,5.44
202,Korla,CN,2022-03-31 20:05:40,41.7597,86.1469,47.57,43,2,1.66
203,Caravelas,BR,2022-03-31 20:05:40,-17.7125,-39.2481,80.89,74,0,7.7
204,Vila Franca Do Campo,PT,2022-03-31 20:05:40,37.7167,-25.4333,63.01,88,71,4.29
205,Jumla,NP,2022-03-31 20:05:41,29.2747,82.1838,47.55,54,0,4.27
206,Praia,CV,2022-03-31 20:05:41,14.9215,-23.5087,72.14,68,0,17.27
207,Anadyr,RU,2022-03-31 20:05:41,64.75,177.4833,6.01,84,99,21.99
208,Port Lincoln,AU,2022-03-31 20:05:42,-34.7333,135.8667,60.1,68,19,22.53
209,Hambantota,LK,2022-03-31 20:05:42,6.1241,81.1185,78.8,83,11,3.04
210,Paraiso,CR,2022-03-31 20:05:43,9.8383,-83.8656,79.66,57,86,3.87
211,Faanui,PF,2022-03-31 20:05:43,-16.4833,-151.75,82.31,66,15,14.23
212,Dunedin,NZ,2022-03-31 20:00:49,-45.8742,170.5036,51.8,59,100,3.0
213,Imbituba,BR,2022-03-31 20:04:16,-28.24,-48.6703,66.6,59,15,11.9
214,The Valley,AI,2022-03-31 20:05:44,18.217,-63.0578,81.82,65,75,17.27
215,Sakakah,SA,2022-03-31 20:05:44,29.9697,40.2064,69.55,10,16,6.22
216,Bowen,AU,2022-03-31 20:05:45,-20.0167,148.2333,72.84,76,0,5.7
217,Odweyne,SO,2022-03-31 20:05:45,9.4092,45.064,73.81,55,14,6.33
218,Kiomboi,TZ,2022-03-31 20:05:45,-4.2667,34.3667,62.4,81,61,4.36
219,East London,ZA,2022-03-31 20:01:56,-33.0153,27.9116,67.48,94,100,1.41
220,Port Hedland,AU,2022-03-31 20:05:46,-20.3167,118.5667,78.85,89,46,5.75
221,Palu,ID,2022-03-31 20:05:46,-0.8917,119.8707,74.59,92,96,3.13
222,Sri Aman,MY,2022-03-31 20:05:47,1.2376,111.4621,74.07,99,95,0.43
223,Tasiilaq,GL,2022-03-31 20:05:47,65.6145,-37.6368,35.76,98,100,5.84
224,Bambous Virieux,MU,2022-03-31 20:05:47,-20.3428,57.7575,79.21,75,97,18.19
225,Egvekinot,RU,2022-03-31 20:06:48,66.3167,-179.1667,5.67,87,98,17.96
226,Alofi,NU,2022-03-31 20:06:48,-19.0595,-169.9187,82.29,83,20,9.22
227,Kuryk,KZ,2022-03-31 20:06:49,43.2,51.65,52.39,55,0,6.06
228,Tiksi,RU,2022-03-31 20:06:49,71.6872,128.8694,3.13,98,100,6.31
229,Cairns,AU,2022-03-31 20:06:49,-16.9167,145.7667,69.06,82,15,1.14
230,Sal Rei,CV,2022-03-31 20:06:50,16.1833,-22.9167,69.35,83,11,18.57
231,Astoria,US,2022-03-31 20:06:50,46.1879,-123.8313,52.72,73,72,5.99
232,Mar Del Plata,AR,2022-03-31 20:06:50,-38.0023,-57.5575,60.87,72,40,10.0
233,Pareora,NZ,2022-03-31 20:06:51,-44.4871,171.2132,52.18,97,100,11.63
234,Fare,PF,2022-03-31 20:06:51,-16.7,-151.0167,81.63,70,27,12.64
235,Chicama,PE,2022-03-31 20:06:52,-7.8447,-79.1469,68.54,61,73,11.39
236,Barreiras,BR,2022-03-31 20:06:52,-12.1528,-44.99,90.64,38,30,2.82
237,Burns Lake,CA,2022-03-31 20:05:05,54.2331,-125.7533,41.22,49,96,7.27
238,Cabo San Lucas,MX,2022-03-31 20:05:25,22.8909,-109.9124,82.62,38,20,11.5
239,Ilulissat,GL,2022-03-31 20:06:53,69.2167,-51.1,17.62,93,75,1.14
240,Vanavara,RU,2022-03-31 20:06:53,60.34,102.2797,32.09,89,100,13.73
241,Saint Anthony,US,2022-03-31 20:06:53,45.0205,-93.218,35.26,60,100,16.11
242,Souillac,MU,2022-03-31 20:06:54,-20.5167,57.5167,77.45,79,100,17.25
243,Dale,US,2022-03-31 20:06:54,38.1689,-86.99,44.94,75,100,13.8
244,Marfino,RU,2022-03-31 20:06:55,55.7028,37.3822,32.34,86,75,6.71
245,Namatanai,PG,2022-03-31 20:06:55,-3.6667,152.4333,79.47,80,80,7.11
246,Englewood,US,2022-03-31 20:04:33,39.6478,-104.9878,64.08,17,20,8.05
247,Pskov,RU,2022-03-31 20:06:52,57.8136,28.3496,22.91,80,0,0.0
248,Wanning,CN,2022-03-31 20:06:56,18.8003,110.3967,74.59,94,100,6.98
249,Dobryatino,RU,2022-03-31 20:06:56,55.5055,41.3195,31.01,99,100,2.42
250,Berdychiv,UA,2022-03-31 20:06:57,49.8993,28.6024,49.55,85,100,12.24
251,Half Moon Bay,US,2022-03-31 20:06:43,37.4636,-122.4286,69.89,64,40,10.36
252,Richards Bay,ZA,2022-03-31 20:03:02,-28.783,32.0377,73.62,87,0,8.16
253,Capao Bonito,BR,2022-03-31 20:06:57,-24.0058,-48.3494,58.77,98,100,12.01
254,Lekoni,GA,2022-03-31 20:06:58,-1.5843,14.2591,85.59,49,80,4.25
255,Tezu,IN,2022-03-31 20:06:58,27.9167,96.1667,67.91,92,100,1.25
256,Dongsheng,CN,2022-03-31 20:06:59,39.8161,109.9776,35.98,36,22,11.05
257,Leshan,CN,2022-03-31 20:06:59,29.5623,103.7639,52.63,88,100,5.68
258,Rivera,UY,2022-03-31 20:05:47,-30.9053,-55.5508,64.15,40,8,10.07
259,Lagoa,PT,2022-03-31 20:06:59,39.05,-27.9833,61.63,87,98,11.23
260,Auxerre,FR,2022-03-31 20:07:00,47.8,3.5667,39.63,81,100,11.39
261,Cidreira,BR,2022-03-31 20:07:00,-30.1811,-50.2056,64.42,58,87,10.02
262,Florida,US,2022-03-31 20:03:56,28.7505,-82.5001,82.08,82,100,3.44
263,Treinta Y Tres,UY,2022-03-31 20:07:01,-33.2333,-54.3833,61.81,47,89,12.39
264,Douentza,ML,2022-03-31 20:07:01,14.9951,-2.9517,87.55,6,22,3.13
265,Airai,TL,2022-03-31 20:07:02,-8.9266,125.4092,56.55,81,1,2.01
266,Yar-Sale,RU,2022-03-31 20:07:02,66.8333,70.8333,14.29,80,100,19.77
267,Sechura,PE,2022-03-31 20:08:03,-5.5569,-80.8222,84.99,53,36,11.68
268,Kingston,JM,2022-03-31 20:06:08,17.997,-76.7936,89.24,59,20,29.93
269,Bani,DO,2022-03-31 20:08:04,18.2833,-70.3333,87.24,56,19,15.08
270,Marion,US,2022-03-31 20:04:29,39.7684,-86.1555,42.22,75,100,20.71
271,Padang,ID,2022-03-31 20:08:04,-0.9492,100.3543,75.52,78,45,4.27
272,Kavaratti,IN,2022-03-31 20:08:05,10.5669,72.642,83.26,77,8,10.54
273,Nelson Bay,AU,2022-03-31 20:08:05,-32.7167,152.15,61.0,92,100,25.84
274,Northam,GB,2022-03-31 20:08:06,51.0333,-4.2167,42.62,63,95,19.39
275,Longyearbyen,SJ,2022-03-31 20:08:06,78.2186,15.6401,8.44,78,75,11.5
276,Tateyama,JP,2022-03-31 20:08:06,34.9833,139.8667,44.1,91,100,26.51
277,Mungwi,ZM,2022-03-31 20:08:07,-10.1732,31.3694,62.85,96,100,3.13
278,Lavrentiya,RU,2022-03-31 20:08:07,65.5833,-171.0,13.28,78,47,13.8
279,Kenora,CA,2022-03-31 20:06:43,49.8167,-94.4337,32.77,59,10,8.99
280,Mecca,SA,2022-03-31 20:07:29,21.4267,39.8261,80.46,37,0,5.86
281,Rawson,AR,2022-03-31 20:08:08,-43.3002,-65.1023,70.25,24,84,4.23
282,Chuy,UY,2022-03-31 20:08:08,-33.6971,-53.4616,61.32,61,63,11.68
283,Ayan,RU,2022-03-31 20:08:09,56.45,138.1667,11.07,77,0,10.4
284,Sorland,NO,2022-03-31 20:08:09,67.667,12.6934,33.58,55,100,11.03
285,Lusambo,CD,2022-03-31 20:08:09,-4.9667,23.45,69.93,93,42,2.08
286,Tura,IN,2022-03-31 20:08:10,25.5198,90.2201,69.26,92,58,3.49
287,Truth Or Consequences,US,2022-03-31 20:08:10,33.1284,-107.2528,69.91,21,0,8.05
288,Tutoia,BR,2022-03-31 20:08:11,-2.7619,-42.2744,78.1,88,100,5.73
289,Cayenne,GF,2022-03-31 20:08:11,4.9333,-52.3333,84.24,3,75,9.22
290,Wisconsin Rapids,US,2022-03-31 20:06:19,44.3836,-89.8174,35.22,67,100,13.8
291,Mount Gambier,AU,2022-03-31 20:08:12,-37.8333,140.7667,53.73,70,1,7.63
292,Hay River,CA,2022-03-31 20:08:12,60.8156,-115.7999,13.96,85,100,18.41
293,San Borja,BO,2022-03-31 20:08:13,-14.8167,-66.85,56.41,98,100,4.32
294,Bandarban,BD,2022-03-31 20:08:13,22.1965,92.2262,71.8,98,22,2.75
295,Port Moresby,PG,2022-03-31 20:07:42,-9.4431,147.1797,75.74,88,100,5.7
296,Lata,PT,2022-03-31 20:08:14,40.1629,-8.3327,51.93,95,36,5.91
297,Moindou,NC,2022-03-31 20:08:14,-21.6924,165.677,79.14,84,7,1.41
298,Linares,CL,2022-03-31 20:03:26,-35.85,-71.6,81.34,10,0,9.08
299,Gossau,CH,2022-03-31 20:08:15,47.4169,9.2513,43.63,95,100,5.28
300,Lorengau,PG,2022-03-31 20:08:15,-2.0226,147.2712,80.55,81,100,14.2
301,Trelew,AR,2022-03-31 20:08:16,-43.249,-65.3051,72.73,16,70,9.62
302,San Policarpo,PH,2022-03-31 20:08:17,12.1791,125.5072,80.04,83,100,10.65
303,Magdalena,PH,2022-03-31 20:08:17,14.1999,121.429,81.36,88,76,6.38
304,Birjand,IR,2022-03-31 20:08:18,32.8663,59.2211,59.67,10,0,3.0
305,Puerto Escondido,MX,2022-03-31 20:09:18,15.85,-97.0667,85.03,70,0,9.22
306,Sinnamary,GF,2022-03-31 20:09:19,5.3833,-52.95,80.55,71,99,10.65
307,Guerrero Negro,MX,2022-03-31 20:09:19,27.9769,-114.0611,66.04,59,72,18.48
308,Derzhavinsk,KZ,2022-03-31 20:09:20,51.1,66.3167,26.11,93,100,7.25
309,Pevek,RU,2022-03-31 20:09:20,69.7008,170.3133,-22.61,98,24,5.08
310,Panama City,PA,2022-03-31 20:08:41,8.9936,-79.5197,92.44,66,100,3.11
311,Gigmoto,PH,2022-03-31 20:09:21,13.7796,124.39,77.99,89,71,7.45
312,La Orilla,MX,2022-03-31 20:09:21,17.9833,-102.2333,80.29,58,9,10.69
313,Darhan,MN,2022-03-31 20:09:22,49.4867,105.9228,29.52,50,3,1.74
314,Gat,IL,2022-03-31 20:09:22,31.61,34.7642,70.39,57,30,3.06
315,Barguzin,RU,2022-03-31 20:09:22,53.6167,109.6167,19.26,92,91,3.18
316,Atbasar,KZ,2022-03-31 20:09:23,51.8,68.3333,23.38,91,100,6.29
317,Okha,RU,2022-03-31 20:09:23,53.5739,142.9478,2.86,91,36,9.44
318,Fos-Sur-Mer,FR,2022-03-31 20:09:23,43.4377,4.9446,55.85,58,0,13.8
319,Usogorsk,RU,2022-03-31 20:09:24,63.4106,48.6872,16.57,97,93,4.05
320,Kushima,JP,2022-03-31 20:09:24,31.4583,131.2333,54.84,92,100,9.84
321,Nishiwaki,JP,2022-03-31 20:09:24,34.9833,134.9667,40.05,67,100,14.9
322,Lewistown,US,2022-03-31 20:09:25,40.5992,-77.5714,64.15,100,100,13.8
323,Lesnoy,RU,2022-03-31 20:09:25,57.6198,63.0784,19.13,97,80,4.07
324,Asosa,ET,2022-03-31 20:09:26,10.0667,34.5333,76.5,20,5,1.74
325,Mushie,CD,2022-03-31 20:09:26,-3.0167,16.9,81.25,66,100,2.71
326,Mocuba,MZ,2022-03-31 20:09:26,-16.8392,36.9856,71.82,98,12,1.14
327,Luderitz,NA,2022-03-31 20:09:27,-26.6481,15.1594,62.98,70,0,19.93
328,Kahului,US,2022-03-31 20:09:27,20.8947,-156.47,80.96,70,40,20.71
329,Roswell,US,2022-03-31 20:05:27,34.0232,-84.3616,73.78,52,75,19.57
330,Grindavik,IS,2022-03-31 20:09:27,63.8424,-22.4338,41.47,75,75,8.05
331,Avera,US,2022-03-31 20:09:28,33.194,-82.5271,74.71,59,87,14.56
332,Haines Junction,CA,2022-03-31 20:09:28,60.7522,-137.5108,31.73,79,98,3.2
333,Tessaoua,NE,2022-03-31 20:09:29,13.7574,7.9874,83.35,7,3,7.09
334,Batagay,RU,2022-03-31 20:09:29,67.6333,134.6333,-15.74,100,87,4.32
335,Porangatu,BR,2022-03-31 20:09:30,-13.4408,-49.1486,83.01,71,54,3.02
336,Dingle,PH,2022-03-31 20:09:30,10.9995,122.6711,76.05,91,42,6.46
337,San Patricio,US,2022-03-31 20:09:30,28.017,-97.5169,85.15,27,3,4.43
338,Santa Cruz De Tenerife,ES,2022-03-31 20:09:31,28.4682,-16.2546,66.72,79,40,11.5
339,Corn Island,NI,2022-03-31 20:09:31,12.1694,-83.0418,80.8,78,99,14.79
340,Cogoleto,IT,2022-03-31 20:09:31,44.3893,8.6429,58.51,84,40,5.01
341,Nicoya,CR,2022-03-31 20:09:32,10.1483,-85.452,96.46,32,100,4.5
342,Omsukchan,RU,2022-03-31 20:09:32,62.5333,155.8,-1.71,97,100,5.79
343,Concepcion Del Oro,MX,2022-03-31 20:09:33,24.6333,-101.4167,71.69,8,97,8.84
344,Rio Branco,BR,2022-03-31 20:09:33,-9.9747,-67.81,83.01,83,75,5.75
345,Provideniya,RU,2022-03-31 20:09:33,64.3833,-173.3,19.42,82,79,18.84
346,Davila,PH,2022-03-31 20:09:34,18.4726,120.5763,79.5,81,10,14.85
347,Ilhabela,BR,2022-03-31 20:09:34,-23.7781,-45.3581,72.81,94,100,17.78
348,Bathsheba,BB,2022-03-31 20:09:35,13.2167,-59.5167,81.21,65,20,18.41
349,Clarksburg,US,2022-03-31 20:09:19,39.2807,-80.3445,72.05,43,100,10.36
350,Champerico,GT,2022-03-31 20:09:35,14.3,-91.9167,86.63,56,70,12.19
351,Waxahachie,US,2022-03-31 20:09:35,32.3865,-96.8483,70.25,37,40,12.66
352,Fort Morgan,US,2022-03-31 20:10:36,40.2503,-103.8,59.65,21,0,6.91
353,Ilinge,ZA,2022-03-31 20:10:36,-31.9768,27.0427,59.0,90,100,1.43
354,Jadu,LY,2022-03-31 20:10:37,31.953,12.0261,65.14,22,0,14.34
355,Sosnovo-Ozerskoye,RU,2022-03-31 20:10:37,52.5249,111.5418,9.36,93,20,5.55
356,Masalli,KR,2022-03-31 20:10:38,34.7959,126.6553,41.99,87,98,3.53
357,Esperance,AU,2022-03-31 20:10:38,-33.8667,121.9,64.09,79,96,18.07
358,Bengkulu,ID,2022-03-31 20:10:38,-3.8004,102.2655,75.72,81,100,4.74
359,Temnikov,RU,2022-03-31 20:10:39,54.6302,43.2148,32.43,99,100,4.34
360,Mandalgovi,MN,2022-03-31 20:10:39,45.7625,106.2708,26.31,50,98,10.09
361,Praya,CV,2022-03-31 20:05:41,14.9215,-23.5087,72.14,68,0,17.27
362,Noumea,NC,2022-03-31 20:07:30,-22.2763,166.4572,82.0,99,6,2.33
363,Marchena,ES,2022-03-31 20:10:40,37.329,-5.4168,59.56,78,23,9.93
364,Vohibinany,MG,2022-03-31 20:10:40,-17.35,49.0333,69.35,97,96,2.73
365,Te Anau,NZ,2022-03-31 20:10:41,-45.4167,167.7167,47.43,83,100,4.23
366,Kindu,CD,2022-03-31 20:10:41,-2.95,25.95,69.55,94,96,1.9
367,Ambon,ID,2022-03-31 20:10:41,-3.6954,128.1814,80.74,83,20,6.91
368,Gamba,GA,2022-03-31 20:10:42,-2.65,10.0,77.38,93,100,3.67
369,Nishihara,JP,2022-03-31 20:10:42,26.1842,127.7558,69.08,69,100,27.63
370,Deder,ET,2022-03-31 20:10:43,9.3167,41.45,58.57,27,3,0.96
371,Assis,BR,2022-03-31 20:10:43,-22.6617,-50.4122,73.51,88,52,11.25
372,Harper,LR,2022-03-31 20:10:43,4.375,-7.7169,80.8,84,36,6.91
373,Bukachacha,RU,2022-03-31 20:10:44,52.9833,116.9167,10.42,95,41,2.89
374,Merauke,ID,2022-03-31 20:10:44,-8.4667,140.3333,76.6,88,100,6.42
375,Inhambane,MZ,2022-03-31 20:10:45,-23.865,35.3833,76.73,86,0,8.93
376,Waipawa,NZ,2022-03-31 20:10:45,-41.4122,175.5153,57.11,95,100,11.12
377,Malinovskiy,RU,2022-03-31 20:10:45,61.1953,62.8397,14.92,91,18,6.55
378,Praia Da Vitoria,PT,2022-03-31 20:10:46,38.7333,-27.0667,62.76,89,100,7.96
379,Inirida,CO,2022-03-31 20:10:46,3.8653,-67.9239,86.11,62,100,3.0
380,Cockburn Town,TC,2022-03-31 20:08:34,21.4612,-71.1419,76.82,80,18,25.14
381,Tias,ES,2022-03-31 20:10:47,28.9611,-13.645,64.08,63,20,18.41
382,Lengshuitan,CN,2022-03-31 20:10:47,26.4111,111.5956,53.56,83,100,10.0
383,Bonthe,SL,2022-03-31 20:10:47,7.5264,-12.505,79.54,86,72,7.7
384,Hobyo,SO,2022-03-31 20:10:48,5.3505,48.5268,82.49,75,4,14.67
385,Broken Hill,AU,2022-03-31 20:10:48,-31.95,141.4333,57.4,57,0,19.39
386,Taonan,CN,2022-03-31 20:10:49,45.3333,122.7833,29.16,35,6,7.38
387,Petropavlovsk-Kamchatskiy,RU,2022-03-31 20:10:49,53.0452,158.6483,17.78,79,20,8.95
388,Jawhar,SO,2022-03-31 20:10:49,2.7809,45.5005,80.71,78,4,14.09
389,Rossland,CA,2022-03-31 20:10:50,49.0831,-117.8022,41.92,48,86,1.99
390,Tilichiki,RU,2022-03-31 20:10:50,60.4667,166.1,-4.7,92,14,9.31
391,Mahibadhoo,MV,2022-03-31 20:10:50,3.7833,72.9667,82.81,70,8,1.28
392,Diego De Almagro,CL,2022-03-31 20:10:51,-26.3667,-70.05,78.87,18,0,10.96
393,Kaeo,NZ,2022-03-31 20:10:51,-35.1,173.7833,62.33,97,92,2.37
394,Lalibela,ET,2022-03-31 20:10:52,12.0333,39.0333,63.81,31,24,8.12
395,Hun,LY,2022-03-31 20:11:52,29.1268,15.9477,83.7,8,100,8.19
396,Presidente Medici,BR,2022-03-31 20:11:52,-11.1753,-61.9014,75.43,96,87,7.87
397,Stolin,BY,2022-03-31 20:09:11,51.8912,26.846,35.37,97,100,13.38
398,Marawi,PH,2022-03-31 20:11:53,7.9986,124.2928,67.8,96,100,0.94
399,Oksfjord,NO,2022-03-31 20:11:53,70.2396,22.3479,26.01,87,100,4.09
400,Nuuk,GL,2022-03-31 20:11:54,64.1835,-51.7216,34.41,80,40,6.91
401,Twentynine Palms,US,2022-03-31 20:11:54,34.1356,-116.0542,75.83,26,24,1.99
402,Kapit,MY,2022-03-31 20:11:54,2.0167,112.9333,72.52,99,98,0.54
403,Chegdomyn,RU,2022-03-31 20:11:55,51.1167,133.0167,4.48,98,32,2.21
404,Mitu,CO,2022-03-31 20:09:13,1.1983,-70.1733,88.75,52,42,3.06
405,Sompeta,IN,2022-03-31 20:11:55,18.9333,84.6,78.75,93,3,12.68
406,Pokhara,NP,2022-03-31 20:11:56,28.2333,83.9833,71.51,62,97,2.44
407,Mitzic,GA,2022-03-31 20:11:56,0.7821,11.549,71.26,95,100,2.91
408,Mayumba,GA,2022-03-31 20:11:56,-3.432,10.6554,78.64,92,94,5.64
409,Abu Dhabi,AE,2022-03-31 20:10:30,24.4667,54.3667,73.96,71,0,3.44
410,Taungdwingyi,MM,2022-03-31 20:11:57,20.0167,95.55,79.59,58,9,4.83
411,Quebo,GW,2022-03-31 20:11:57,11.3333,-14.9333,76.06,69,89,8.59
412,Ternate,ID,2022-03-31 20:11:58,0.8,127.4,79.92,82,100,6.76
413,Laguna,US,2022-03-31 20:11:58,38.421,-121.4238,69.3,50,0,3.44
414,Sisimiut,GL,2022-03-31 20:11:59,66.9395,-53.6735,20.55,93,52,4.32
415,Labuan,MY,2022-03-31 20:11:59,5.2767,115.2417,81.1,81,84,3.29
416,Xining,CN,2022-03-31 20:11:59,36.6167,101.7667,34.21,77,99,4.74
417,Makakilo City,US,2022-03-31 20:12:00,21.3469,-158.0858,79.29,62,40,19.57
418,Erzin,TR,2022-03-31 20:12:00,36.9559,36.2,59.29,63,100,3.76
419,Palora,EC,2022-03-31 20:12:00,-1.7,-77.9333,73.51,62,47,4.21
420,Verkhnevilyuysk,RU,2022-03-31 20:12:01,63.4453,120.3167,25.68,97,100,5.55
421,Nome,US,2022-03-31 20:12:01,64.5011,-165.4064,27.16,63,100,19.57
422,Eureka,US,2022-03-31 20:07:31,40.8021,-124.1637,63.68,66,99,13.0
423,Bafq,IR,2022-03-31 20:12:02,31.6128,55.4107,68.02,10,0,6.8
424,Sao Felix Do Xingu,BR,2022-03-31 20:12:02,-6.6447,-51.995,77.14,82,100,2.75
425,Saint George,US,2022-03-31 20:08:40,37.1041,-113.5841,72.43,26,0,8.05
426,Namibe,AO,2022-03-31 20:12:03,-15.1961,12.1522,72.54,76,19,9.15
427,Constitucion,CL,2022-03-31 20:12:03,-35.3333,-72.4167,65.89,48,0,16.98
428,Maarianhamina,AX,2022-03-31 20:12:04,60.0973,19.9348,19.26,100,38,3.44
429,Baghdad,IQ,2022-03-31 20:09:55,33.3406,44.4009,66.11,30,0,5.75
430,Muroto,JP,2022-03-31 20:12:04,33.2833,134.15,49.78,79,100,25.46
431,Arlit,NE,2022-03-31 20:12:05,18.7369,7.3853,85.82,3,1,9.93
432,Obo,CF,2022-03-31 20:12:05,5.3998,26.4869,84.78,34,99,4.18
433,Iberia,US,2022-03-31 20:12:06,29.9502,-91.7507,71.96,28,0,8.05
434,Klyuchi,RU,2022-03-31 20:12:06,52.2667,79.1667,32.86,82,100,11.18
435,Gobabis,NA,2022-03-31 20:12:06,-22.45,18.9667,69.58,69,78,8.52
436,Vaitape,PF,2022-03-31 20:12:07,-16.5167,-151.75,82.31,66,15,14.18
437,Wattegama,LK,2022-03-31 20:12:07,6.7989,81.4808,74.23,95,12,1.5
438,Riyadh,SA,2022-03-31 20:09:27,24.6877,46.7219,77.14,12,0,8.34
439,Muzhi,RU,2022-03-31 20:12:08,65.3667,64.6667,12.13,80,97,11.07
440,Ati,TD,2022-03-31 20:12:08,13.2154,18.3353,86.58,8,6,9.15
441,Lasa,IT,2022-03-31 20:13:08,46.6166,10.7002,45.36,97,100,3.27
442,Zhezkazgan,KZ,2022-03-31 20:13:09,47.8043,67.7144,43.38,55,100,4.97
443,Gariaband,IN,2022-03-31 20:13:09,20.635,82.0614,76.37,15,3,4.97
444,Fort-De-France,MQ,2022-03-31 20:13:10,14.6089,-61.0733,82.35,69,75,19.57
445,Svetlogorsk,BY,2022-03-31 20:13:10,52.6333,29.7333,34.56,96,100,11.25
446,Poso,ID,2022-03-31 20:13:11,-1.3959,120.7524,75.61,86,100,4.94
447,Ruy Barbosa,BR,2022-03-31 20:13:11,-12.2839,-40.4939,88.75,32,21,6.29
448,Strai,NO,2022-03-31 20:13:11,58.2,7.9,33.1,59,40,6.91
449,Ajtos,BG,2022-03-31 20:13:12,42.7,27.25,62.02,51,100,26.22
450,Rosetta,EG,2022-03-31 20:13:12,31.4044,30.4164,59.05,71,5,12.01
451,Alto Araguaia,BR,2022-03-31 20:13:13,-17.3147,-53.2153,78.55,73,56,4.9
452,Bandar-E Lengeh,IR,2022-03-31 20:13:13,26.5579,54.8807,76.62,59,26,8.7
453,Belyy Yar,RU,2022-03-31 20:13:14,53.6039,91.3903,39.09,70,0,6.71
454,Marquette,US,2022-03-31 20:13:14,46.5333,-87.6335,27.82,80,100,15.57
455,Huangchuan,CN,2022-03-31 20:13:15,32.1272,115.0394,48.33,75,100,6.71
456,Taoudenni,ML,2022-03-31 20:13:15,22.6783,-3.9836,83.91,9,100,7.05
457,Port Hardy,CA,2022-03-31 20:13:15,50.6996,-127.4199,46.58,76,75,8.05
458,Mirabad,AF,2022-03-31 20:13:16,30.4362,61.8383,69.1,9,0,2.17
459,Fiumicino,IT,2022-03-31 20:13:16,41.7675,12.2291,55.38,82,75,10.36
460,Melchor De Mencos,GT,2022-03-31 20:13:16,17.0686,-89.1522,102.29,25,16,2.1
461,Valdivia,CL,2022-03-31 20:12:20,-39.8142,-73.2459,66.29,42,100,4.29
462,Kiboga,UG,2022-03-31 20:13:17,0.9161,31.7742,65.05,87,51,2.19
463,Codrington,AU,2022-03-31 20:13:17,-38.2667,141.9667,59.25,59,89,13.13
464,Mizan Teferi,ET,2022-03-31 20:13:18,6.9833,35.5833,67.1,59,8,2.77
465,Broome,US,2022-03-31 20:13:18,42.2506,-75.833,64.69,86,100,9.22
466,Dauriya,RU,2022-03-31 20:13:18,49.9333,116.8667,22.93,38,72,5.73
467,Gibara,CU,2022-03-31 20:13:19,21.1097,-76.1317,90.72,57,5,19.77
468,Humaita,BR,2022-03-31 20:13:19,-7.5061,-63.0208,84.63,73,28,2.91
469,Necochea,AR,2022-03-31 20:09:10,-38.5473,-58.7368,59.61,62,74,11.83
470,Birin,NP,2022-03-31 20:13:20,26.8865,88.0718,60.17,82,100,4.29
471,Apolda,DE,2022-03-31 20:13:20,51.0167,11.5,37.04,94,100,14.09
472,Farafangana,MG,2022-03-31 20:13:21,-22.8167,47.8333,74.07,83,31,8.57
473,Tabou,CI,2022-03-31 20:13:21,4.423,-7.3528,80.8,84,30,7.45
474,Parabel,RU,2022-03-31 20:13:21,58.6978,81.4825,28.69,99,100,2.66
475,Maumere,ID,2022-03-31 20:13:22,-8.6199,122.2111,78.71,80,14,4.12
476,Guantanamo,CU,2022-03-31 20:08:52,20.1444,-75.2092,83.77,49,75,12.12
477,Balkanabat,TM,2022-03-31 20:13:22,39.5108,54.3671,59.72,45,5,6.44
478,Vilyuysk,RU,2022-03-31 20:13:22,63.7553,121.6247,22.17,98,100,3.56
479,Koygorodok,RU,2022-03-31 20:13:23,60.445,50.9968,18.55,88,24,6.67
480,Tambura,SS,2022-03-31 20:13:23,5.6,27.4667,84.42,34,90,1.63
481,Havoysund,NO,2022-03-31 20:13:24,70.9963,24.6622,26.83,67,100,8.37
482,Worland,US,2022-03-31 20:13:24,44.0169,-107.9554,51.67,41,75,13.8
483,Gayny,RU,2022-03-31 20:13:24,60.3071,54.3241,15.91,91,17,6.44
484,Denpasar,ID,2022-03-31 20:11:45,-8.65,115.2167,80.26,88,40,3.44
485,Pacific Grove,US,2022-03-31 20:10:00,36.6177,-121.9166,65.21,78,0,9.22
486,Lipin Bor,RU,2022-03-31 20:13:25,60.2622,37.9763,11.64,98,58,1.74
487,Ust-Maya,RU,2022-03-31 20:13:26,60.4167,134.5333,-14.17,100,100,1.72
488,Hastings,GB,2022-03-31 20:13:26,50.8552,0.5729,38.28,55,12,26.22
489,Qui Nhon,VN,2022-03-31 20:13:26,13.7667,109.2333,76.68,88,99,1.66
490,Salalah,OM,2022-03-31 20:10:26,17.0151,54.0924,80.69,50,0,3.44
491,Samarai,PG,2022-03-31 20:14:27,-10.6167,150.6667,81.25,82,100,14.32
492,Wyndham,US,2022-03-31 20:14:27,37.6985,-77.6125,68.9,90,100,18.41
493,Gurupa,BR,2022-03-31 20:14:28,-1.405,-51.64,74.79,88,98,0.58
494,Kurtamysh,RU,2022-03-31 20:14:28,54.9103,64.4319,30.16,97,100,4.83
495,Castro Verde,PT,2022-03-31 20:14:29,37.6983,-8.0858,51.19,78,3,13.94
496,Beloha,MG,2022-03-31 20:14:29,-25.1667,45.05,71.76,82,0,11.99
497,Shirakawa,JP,2022-03-31 20:14:30,37.1223,140.2376,34.3,78,100,10.71
498,Machakos,KE,2022-03-31 20:14:30,-1.5167,37.2667,59.32,97,94,3.6
499,Griffith,US,2022-03-31 20:14:31,41.5284,-87.4237,39.13,84,100,6.91
500,Garut,ID,2022-03-31 20:14:31,-7.2024,107.8878,67.51,95,100,2.37
501,Invermere,CA,2022-03-31 20:14:31,50.5167,-116.0354,41.94,52,99,5.68
502,Esqueda,MX,2022-03-31 20:14:32,30.7167,-109.5833,72.1,17,0,10.51
503,North Platte,US,2022-03-31 20:14:03,41.1239,-100.7654,50.11,30,0,8.01
504,Silver City,US,2022-03-31 20:11:55,32.7701,-108.2803,64.92,32,40,5.99
505,Udachnyy,RU,2022-03-31 20:14:32,66.4167,112.4,17.46,95,100,7.58
506,Meulaboh,ID,2022-03-31 20:14:33,4.1363,96.1285,76.78,85,96,2.82
507,San Andres,CO,2022-03-31 20:14:33,12.5847,-81.7006,86.02,66,40,12.66
508,Kabanjahe,ID,2022-03-31 20:14:34,3.1001,98.4908,62.4,97,85,0.89
509,Najran,SA,2022-03-31 20:14:34,17.4924,44.1277,65.1,16,0,0.31
510,Tra Vinh,VN,2022-03-31 20:14:34,9.9347,106.3453,77.61,86,99,4.5
511,Vao,NC,2022-03-31 20:14:35,-22.6667,167.4833,78.69,85,0,12.17
512,Mayo,US,2022-03-31 20:14:35,38.8876,-76.5119,73.81,81,100,14.97
513,Matola,MZ,2022-03-31 20:14:36,-25.9622,32.4589,78.51,84,0,3.33
514,Pacasmayo,PE,2022-03-31 20:14:36,-7.4006,-79.5714,75.18,71,57,14.92
515,Yatou,CN,2022-03-31 20:14:36,37.15,122.3833,39.72,63,88,12.91
516,Dubti,ET,2022-03-31 20:14:37,11.7361,41.0853,84.72,23,0,7.81
517,Gayeri,BF,2022-03-31 20:14:37,12.6497,0.4931,89.73,9,16,2.35
518,Santa Maria,BR,2022-03-31 20:11:30,-29.6842,-53.8069,65.16,45,0,4.85
519,Barkly West,ZA,2022-03-31 20:14:38,-28.5354,24.5215,71.11,49,100,13.02
520,Vagay,RU,2022-03-31 20:14:38,57.9375,69.0217,20.59,97,100,4.12
521,Bucerias,MX,2022-03-31 20:10:17,20.75,-105.3333,76.98,65,75,11.5
522,Djibo,BF,2022-03-31 20:14:39,14.1022,-1.6306,89.85,4,99,6.55
523,San Juan,AR,2022-03-31 20:10:16,-31.5375,-68.5364,70.27,12,0,4.09
524,Pimentel,PE,2022-03-31 20:14:39,-6.8367,-79.9342,80.89,57,0,16.11
525,Vila,PT,2022-03-31 20:14:40,42.0304,-8.1588,45.48,84,53,5.08
526,Kita,ML,2022-03-31 20:14:40,13.0349,-9.4895,95.56,12,17,3.09
527,Baruun-Urt,MN,2022-03-31 20:14:40,46.6806,113.2792,25.07,32,100,7.47
528,Vuktyl,RU,2022-03-31 20:14:41,63.8567,57.3094,19.33,93,100,8.86
529,Alugan,PH,2022-03-31 20:14:41,12.2188,125.4808,79.43,84,100,9.82
530,Dicabisagan,PH,2022-03-31 20:14:41,17.0818,122.4157,75.83,90,34,3.78
531,Kogon,UZ,2022-03-31 20:14:42,39.7228,64.5517,53.64,62,0,4.61
532,Sistranda,NO,2022-03-31 20:14:42,63.7256,8.834,30.16,59,100,12.26
533,Menongue,AO,2022-03-31 20:14:43,-14.6585,17.691,64.67,94,59,3.06
534,Misratah,LY,2022-03-31 20:14:43,32.3754,15.0925,65.59,65,0,12.73
535,Turkistan,KZ,2022-03-31 20:14:43,43.0,68.0,55.98,33,100,0.38
536,Sulecin,PL,2022-03-31 20:14:44,52.4443,15.1168,39.88,32,100,14.94
537,Muli,MV,2022-03-31 20:14:44,2.9167,73.5667,82.56,72,9,3.91
538,Viking,CA,2022-03-31 20:15:44,53.1001,-111.7684,42.93,73,100,20.15
539,Biak,ID,2022-03-31 20:15:45,-0.9131,122.8766,75.87,81,100,4.25
540,Danville,US,2022-03-31 20:15:11,36.586,-79.395,74.05,77,40,13.0
541,Camopi,GF,2022-03-31 20:15:45,3.1655,-52.3158,73.56,98,100,2.77
542,Cozumel,MX,2022-03-31 20:15:46,20.5083,-86.9458,85.95,84,75,15.01
543,Bilma,NE,2022-03-31 20:15:46,18.6853,12.9164,80.13,4,10,7.18
544,Tayoltita,MX,2022-03-31 20:15:46,24.0833,-105.9333,83.48,12,68,8.61
545,Wahiawa,US,2022-03-31 20:15:47,21.5028,-158.0236,77.47,68,75,9.22
546,Ferme-Neuve,CA,2022-03-31 20:15:47,46.7001,-75.4493,43.45,100,100,11.52
547,Mandleshwar,IN,2022-03-31 20:15:48,22.1833,75.6667,86.83,16,0,7.2
548,Melita,CA,2022-03-31 20:15:48,49.2681,-100.9967,42.55,39,29,12.01
549,Acarau,BR,2022-03-31 20:15:48,-2.8856,-40.12,76.33,88,100,7.81
550,Gilgit,PK,2022-03-31 20:15:49,35.9221,74.3087,57.0,46,3,4.9
551,Contamana,PE,2022-03-31 20:15:49,-7.3333,-75.0167,90.59,47,100,5.32
552,Owando,CG,2022-03-31 20:15:49,-0.4819,15.8999,78.12,68,98,0.87
553,Peace River,CA,2022-03-31 20:15:18,56.2501,-117.286,43.11,65,100,20.71
